{
    "aquawave": {
        "name": "Aquawave",
        "bg_color": "#5fbbe2",
        "text_color": "#030a0a",
        "menu_bg": "#1E1E3F",
        "menu_fg": "#FFFFFF",
        "cmd_bg": "#0A0A1E",
        "cmd_fg": "#E0E0FF",
        "selection_bg": "#237474",
        "tags": {
            "system": "#203877",
            "error": "#721f78",
            "success": "#1e7379",
            "info": "#577599",
            "command": "#695fb6",
            "output": "#4a6075"
        }
    }
}