{
    "deepnight": {
        "name": "DeepNight",
        "bg_color": "#3f3771",
        "text_color": "#a9b7de",
        "menu_bg": "#1E1E3F",
        "menu_fg": "#FFFFFF",
        "cmd_bg": "#0A0A1E",
        "cmd_fg": "#E0E0FF",
        "selection_bg": "#8a82d2",
        "tags": {
            "system": "#d8d6ef",
            "error": "#b6a3c9",
            "success": "#9faecc",
            "info": "#88a6e3",
            "command": "#3064cf",
            "output": "#cdd3e2"
        }
    }
}