{
    "windowsnt": {
        "name": "WindowsNT",
        "bg_color": "#028582",
        "text_color": "#ffffff",
        "menu_bg": "#1E1E3F",
        "menu_fg": "#FFFFFF",
        "cmd_bg": "#0A0A1E",
        "cmd_fg": "#E0E0FF",
        "selection_bg": "#b7b7b7",
        "tags": {
            "system": "#000000",
            "error": "#cc0000",
            "success": "#ffffff",
            "info": "#ffffff",
            "command": "#cfcc5a",
            "output": "#b6b6b6"
        }
    }
}